[{
  "_id": {
    "$oid": "638ba225e2e4934d6237837d"
  },
  "reservation_id": {
    "$oid": "638ba225e2e4934d6237837c"
  },
  "first_name": "Sanjay",
  "last_name": "Gupta",
  "email": "sg@gmail.com",
  "phone_number": "9089908989",
  "state": "Test",
  "zipcode": "909090"
},{
  "_id": {
    "$oid": "638d410dba1b32a7f2b5cc1c"
  },
  "reservation_id": {
    "$oid": "638d410dba1b32a7f2b5cc1b"
  },
  "first_name": "Test Test",
  "last_name": "Test",
  "email": "test@gmail.com",
  "phone_number": "900909090",
  "state": "test",
  "zipcode": "888888"
},{
  "_id": {
    "$oid": "638d410dba1b32a7f2b5cc1e"
  },
  "reservation_id": {
    "$oid": "638d410dba1b32a7f2b5cc1b"
  },
  "first_name": "test2",
  "last_name": "test",
  "email": "test2@gmail.com",
  "phone_number": "9089908978",
  "state": "test2",
  "zipcode": "78787878"
}]